"","Species","chao","chao.se","jack1","jack1.se","jack2","boot","boot.se","n"
"All",1843,2701.03103448276,86.7247234010066,2540,176.574481788982,2950.54587688734,2148.85509723289,99.6125614261572,42
