"","Species","chao","chao.se","jack1","jack1.se","jack2","boot","boot.se","n"
"All",2306,3598.29416600894,112.822908626707,3261.69047619048,224.16093865175,3857.71835075494,2719.57485847893,122.692349374161,42
