"","Species","chao","chao.se","jack1","jack1.se","jack2","boot","boot.se","n"
"All",1987,3026.56296127216,96.6641680953256,2813.25641025641,188.807169544835,3306.4649122807,2347.423315593,104.407749926284,39
