"","Species","chao","chao.se","jack1","jack1.se","jack2","boot","boot.se","n"
"All",2588,4378.68227158681,140.637411985044,3797.17948717949,262.235596779456,4587.48650472335,3104.18780550302,134.256565789554,39
