"","Species","chao","chao.se","jack1","jack1.se","jack2","boot","boot.se","n"
"All",1616,2333.51645544749,77.534041955058,2220.10256410256,168.403658635868,2567.20850202429,1880.47259461279,98.6282905381231,39
