"","Species","chao","chao.se","jack1","jack1.se","jack2","boot","boot.se","n"
"All",2016,3107.30656345751,102.3755110737,2838.35897435897,218.012799025926,3345.32388663968,2370.92755813221,120.382826055639,39
