SampleID,xx,yy
S1,279943.5023012248,5554848.628208208
S2,282064.7960067877,5551270.807202111
S3,281895.2133725502,5549263.19231822
S4,274386.5673211401,5563017.017496947
S5,271898.9707801831,5557890.128688219
